-- phpMyAdmin SQL Dump
-- version 5.2.0
-- https://www.phpmyadmin.net/
--
-- Host: 127.0.0.1
-- Generation Time: Dec 13, 2022 at 09:27 AM
-- Server version: 10.4.24-MariaDB
-- PHP Version: 8.1.6

SET SQL_MODE = "NO_AUTO_VALUE_ON_ZERO";
START TRANSACTION;
SET time_zone = "+00:00";


/*!40101 SET @OLD_CHARACTER_SET_CLIENT=@@CHARACTER_SET_CLIENT */;
/*!40101 SET @OLD_CHARACTER_SET_RESULTS=@@CHARACTER_SET_RESULTS */;
/*!40101 SET @OLD_COLLATION_CONNECTION=@@COLLATION_CONNECTION */;
/*!40101 SET NAMES utf8mb4 */;

--
-- Database: `ecanteen`
--

-- --------------------------------------------------------

--
-- Table structure for table `category`
--

CREATE TABLE `category` (
  `id` int(5) NOT NULL,
  `name` varchar(30) NOT NULL,
  `date_created` date NOT NULL
) ENGINE=InnoDB DEFAULT CHARSET=utf8mb4;

--
-- Dumping data for table `category`
--

INSERT INTO `category` (`id`, `name`, `date_created`) VALUES
(1, 'Minuman', '2022-06-13'),
(3, 'Makanan', '2022-06-17'),
(4, 'Sembako', '2022-07-01');

-- --------------------------------------------------------

--
-- Table structure for table `customer`
--

CREATE TABLE `customer` (
  `id` int(11) NOT NULL,
  `name` varchar(30) NOT NULL,
  `gender` varchar(11) NOT NULL,
  `role` varchar(20) NOT NULL,
  `balance` int(11) DEFAULT 0
) ENGINE=InnoDB DEFAULT CHARSET=utf8mb4;

--
-- Dumping data for table `customer`
--

INSERT INTO `customer` (`id`, `name`, `gender`, `role`, `balance`) VALUES
(0, 'Umum', '', '', 0),
(2, 'Rafa', 'Laki-laki', 'Siswa', 29000),
(3, 'Sinta', 'Perempuan', 'Siswa', 15500),
(4, 'Dina', 'Perempuan', 'Guru/Staf', 3000);

-- --------------------------------------------------------

--
-- Table structure for table `product`
--

CREATE TABLE `product` (
  `barcode` varchar(20) NOT NULL,
  `name` varchar(35) NOT NULL,
  `category_id` int(5) NOT NULL,
  `purchase_price` varchar(9) NOT NULL,
  `selling_price` varchar(9) NOT NULL,
  `stock_amount` int(11) NOT NULL,
  `supplier_id` varchar(10) NOT NULL,
  `date_added` date NOT NULL,
  `expired_date` date NOT NULL
) ENGINE=InnoDB DEFAULT CHARSET=utf8mb4;

--
-- Dumping data for table `product`
--

INSERT INTO `product` (`barcode`, `name`, `category_id`, `purchase_price`, `selling_price`, `stock_amount`, `supplier_id`, `date_added`, `expired_date`) VALUES
('1', 'Es Nutrisari', 1, '1.000', '2.000', 29, 'E8218726', '2022-11-24', '0001-01-01'),
('1000', 'Kopi', 1, '1.000', '2.000', 2205, 'ANDI21132', '2022-07-17', '0001-01-01'),
('10000', 'Susu Frisian Flag', 1, '1.000', '1.500', 18, 'ANDI21132', '2022-05-21', '0001-01-01'),
('123', 'Nu Milk Tea', 1, '4.500', '5.000', 2198, 'BUDI17471', '2022-12-12', '0001-01-01'),
('12321093821', 'Teh Pucuk Harum', 1, '4.000', '5.000', 306, 'ANDI21132', '2022-12-05', '0001-01-01'),
('12345678900000000000', 'ABC', 1, '1.000', '1.500', 293, 'BUDI17471', '2022-07-17', '0001-01-01'),
('234', 'Es Teh', 1, '1.000', '2.000', 108, 'AS8219943', '2022-11-26', '0001-01-01'),
('2343', 'Mountoya Cup', 1, '20.800', '22.000', 50, 'ANDI21132', '2022-07-01', '0001-01-01'),
('321', 'Kopi Luwak', 1, '1.000', '2.000', 275, 'ANDI21132', '2022-07-01', '0001-01-01'),
('456', 'Beras', 3, '9.000', '10.000', 119, 'ANDI21132', '2022-12-03', '0001-01-01'),
('4569871023', 'Oreo Manis', 3, '2.000', '3.000', 82, 'BUDI17471', '2022-06-13', '0001-01-01');

-- --------------------------------------------------------

--
-- Table structure for table `sale`
--

CREATE TABLE `sale` (
  `id` int(11) NOT NULL,
  `transaction_id` int(11) NOT NULL,
  `barcode` varchar(20) NOT NULL,
  `quantity` int(5) NOT NULL,
  `purchase_price` varchar(9) NOT NULL,
  `selling_price` varchar(9) NOT NULL,
  `subtotal` varchar(10) NOT NULL
) ENGINE=InnoDB DEFAULT CHARSET=utf8mb4;

--
-- Dumping data for table `sale`
--

INSERT INTO `sale` (`id`, `transaction_id`, `barcode`, `quantity`, `purchase_price`, `selling_price`, `subtotal`) VALUES
(1, 1, '321', 1, '0', '0', '2.000'),
(2, 2, '1000', 1, '0', '0', '2.000'),
(3, 2, '321', 1, '0', '0', '2.000'),
(4, 2, '4569871023', 1, '0', '0', '3.000'),
(6, 5, '321', 1, '0', '0', '2.000'),
(7, 5, '123', 1, '0', '0', '5.000'),
(8, 6, '4569871023', 1, '0', '0', '3.000'),
(9, 6, '1000', 1, '0', '0', '2.000'),
(10, 7, '123', 20, '0', '0', '100.000'),
(11, 7, '123', 1, '0', '0', '5.000'),
(12, 7, '123', 1, '0', '0', '5.000'),
(13, 7, '123', 1, '0', '0', '5.000'),
(14, 7, '123', 1, '0', '0', '5.000'),
(15, 7, '123', 1, '0', '0', '5.000'),
(16, 7, '123', 1, '0', '0', '5.000'),
(17, 7, '123', 1, '0', '0', '5.000'),
(18, 7, '123', 1, '0', '0', '5.000'),
(19, 7, '123', 1, '0', '0', '5.000'),
(20, 8, '123', 10, '0', '0', '50.000'),
(21, 9, '321', 2, '0', '0', '4.000'),
(22, 10, '321', 3, '0', '0', '6.000'),
(23, 11, '321', 10, '0', '0', '20.000'),
(24, 12, '321', 2, '0', '0', '4.000'),
(25, 13, '321', 1, '0', '0', '2.000'),
(26, 14, '321', 1, '0', '0', '2.000'),
(27, 15, '321', 1, '0', '0', '2.000'),
(28, 16, '321', 1, '0', '0', '2.000'),
(29, 17, '321', 1, '0', '0', '2.000'),
(30, 18, '321', 1, '0', '0', '2.000'),
(31, 19, '321', 1, '0', '0', '2.000'),
(32, 20, '321', 1, '0', '0', '2.000'),
(33, 21, '321', 2, '0', '0', '4.000'),
(34, 21, '123', 1, '0', '0', '5.000'),
(35, 22, '123', 100, '0', '0', '500.000'),
(36, 22, '321', 1, '0', '0', '2.000'),
(37, 23, '123', 1, '0', '0', '5.000'),
(38, 24, '2343', 15, '0', '0', '330.000'),
(39, 25, '2343', 2, '0', '0', '44.000'),
(40, 26, '123', 1, '0', '0', '5.000'),
(41, 27, '123', 1, '0', '0', '5.000'),
(42, 29, '123', 1, '0', '0', '5.000'),
(43, 30, '123', 1, '0', '0', '5.000'),
(44, 30, '321', 2, '0', '0', '4.000'),
(45, 30, '1', 10, '0', '0', '20.000'),
(46, 31, '123', 2, '0', '0', '10.000'),
(47, 31, '321', 1, '0', '0', '2.000'),
(48, 31, '1', 3, '0', '0', '6.000'),
(49, 32, '123', 2, '0', '0', '10.000'),
(50, 32, '321', 1, '0', '0', '2.000'),
(51, 32, '1', 1, '0', '0', '2.000'),
(52, 33, '123', 1, '0', '0', '5.000'),
(53, 33, '321', 1, '0', '0', '2.000'),
(54, 34, '123', 1, '0', '0', '5.000'),
(55, 35, '1', 1, '0', '0', '2.000'),
(56, 35, '123', 1, '0', '0', '5.000'),
(57, 36, '123', 1, '0', '0', '5.000'),
(58, 36, '321', 1, '0', '0', '2.000'),
(59, 36, '1', 1, '0', '0', '2.000'),
(60, 37, '123', 1, '0', '0', '5.000'),
(61, 37, '321', 1, '0', '0', '2.000'),
(62, 37, '1', 1, '0', '0', '2.000'),
(63, 38, '123', 1, '0', '0', '5.000'),
(64, 38, '321', 1, '0', '0', '2.000'),
(65, 38, '1', 1, '0', '0', '2.000'),
(66, 39, '123', 1, '0', '0', '5.000'),
(67, 39, '321', 1, '0', '0', '2.000'),
(68, 39, '1', 3, '0', '0', '6.000'),
(69, 40, '123', 1, '0', '0', '5.000'),
(70, 40, '321', 1, '0', '0', '2.000'),
(71, 40, '1', 1, '0', '0', '2.000'),
(72, 41, '123', 2, '0', '0', '10.000'),
(73, 41, '321', 1, '0', '0', '2.000'),
(74, 41, '1', 1, '0', '0', '2.000'),
(75, 42, '123', 1, '0', '0', '5.000'),
(76, 42, '321', 1, '0', '0', '2.000'),
(77, 42, '1', 1, '0', '0', '2.000'),
(78, 43, '123', 10, '0', '0', '50.000'),
(79, 43, '321', 1, '0', '0', '2.000'),
(80, 44, '2343', 1, '0', '0', '22.000'),
(81, 45, '456', 1, '0', '0', '9.500'),
(82, 46, '10000', 1, '0', '0', '1.500'),
(83, 47, '1000', 1, '0', '0', '2.000'),
(84, 55, '123', 1, '4.500', '5.000', '5.000'),
(85, 56, '456', 10, '8.650', '9.500', '95.000'),
(86, 57, '456', 4, '8.650', '9.500', '38.000'),
(87, 58, '12321093821', 1, '4.000', '5.000', '5.000'),
(88, 59, '456', 5, '9.000', '10.000', '50.000'),
(89, 60, '123', 1, '4.500', '5.000', '5.000'),
(90, 61, '1000', 1000, '1.000', '2.000', '2.000.000'),
(91, 61, '123', 1000, '4.500', '5.000', '5.000.000'),
(92, 61, '1', 200, '1.000', '2.000', '400.000'),
(93, 62, '12345678900000000000', 1, '1.000', '1.500', '1.500'),
(94, 62, '12321093821', 1, '4.000', '5.000', '5.000'),
(95, 63, '1', 10, '1.000', '2.000', '20.000'),
(96, 63, '12321093821', 100, '4.000', '5.000', '500.000'),
(97, 64, '1', 1, '1.000', '2.000', '2.000'),
(98, 64, '4569871023', 1, '2.000', '3.000', '3.000'),
(99, 65, '12321093821', 1, '4.000', '5.000', '5.000'),
(100, 65, '234', 1, '1.000', '2.000', '2.000'),
(101, 66, '1', 1, '1.000', '2.000', '2.000'),
(102, 67, '1', 1, '1.000', '2.000', '2.000'),
(103, 68, '12321093821', 1, '4.000', '5.000', '5.000'),
(104, 68, '4569871023', 1, '2.000', '3.000', '3.000'),
(105, 69, '1', 1, '1.000', '2.000', '2.000'),
(106, 70, '321', 10, '1.000', '2.000', '20.000'),
(107, 70, '4569871023', 1, '2.000', '3.000', '3.000'),
(108, 71, '123', 1, '4.500', '5.000', '5.000'),
(109, 71, '321', 3, '1.000', '2.000', '6.000'),
(110, 72, '456', 1, '9.000', '10.000', '10.000'),
(111, 73, '123', 1, '4.500', '5.000', '5.000'),
(112, 74, '123', 1, '4.500', '5.000', '5.000'),
(113, 74, '321', 1, '1.000', '2.000', '2.000'),
(114, 75, '123', 1, '4.500', '5.000', '5.000'),
(115, 75, '1', 1, '1.000', '2.000', '2.000'),
(116, 75, '321', 1, '1.000', '2.000', '2.000'),
(117, 76, '123', 1, '4.500', '5.000', '5.000'),
(118, 77, '1', 20, '1.000', '2.000', '40.000'),
(119, 78, '123', 1, '4.500', '5.000', '5.000'),
(120, 78, '321', 1, '1.000', '2.000', '2.000'),
(121, 79, '123', 1, '4.500', '5.000', '5.000'),
(122, 79, '321', 1, '1.000', '2.000', '2.000'),
(123, 80, '1', 3, '1.000', '2.000', '6.000'),
(131, 81, '1', 1, '1.000', '2.000', '2.000'),
(132, 81, '123', 1, '4.500', '5.000', '5.000'),
(133, 81, '321', 1, '1.000', '2.000', '2.000'),
(134, 82, '1', 1, '1.000', '2.000', '2.000'),
(135, 83, '1', 2, '1.000', '2.000', '4.000'),
(136, 83, '123', 2, '4.500', '5.000', '10.000'),
(137, 83, '321', 3, '1.000', '2.000', '6.000'),
(138, 84, '123', 1, '4.500', '5.000', '5.000'),
(139, 84, '321', 1, '1.000', '2.000', '2.000'),
(140, 84, '1', 2, '1.000', '2.000', '4.000');

-- --------------------------------------------------------

--
-- Table structure for table `stock`
--

CREATE TABLE `stock` (
  `id` int(11) NOT NULL,
  `barcode` varchar(20) NOT NULL,
  `previous_stock` int(5) NOT NULL DEFAULT 0,
  `qty` int(5) NOT NULL,
  `date` date NOT NULL,
  `type` enum('add','return','sale') NOT NULL
) ENGINE=InnoDB DEFAULT CHARSET=utf8mb4;

--
-- Dumping data for table `stock`
--

INSERT INTO `stock` (`id`, `barcode`, `previous_stock`, `qty`, `date`, `type`) VALUES
(1, '321', 0, 100, '2022-06-15', 'add'),
(2, '321', 100, 20, '2022-06-15', 'return'),
(3, '321', 80, 1, '2022-06-15', 'sale'),
(4, '1000', 0, 100, '2022-06-16', 'add'),
(5, '321', 79, 20, '2022-06-16', 'return'),
(6, '4569871023', 0, 20, '2022-06-16', 'add'),
(7, '1000', 100, 1, '2022-06-16', 'sale'),
(8, '321', 59, 1, '2022-06-16', 'sale'),
(9, '4569871023', 20, 1, '2022-06-16', 'sale'),
(10, '1000', 99, 100, '2022-06-16', 'add'),
(11, '123', 0, 200, '2022-06-16', 'add'),
(12, '1000', 199, 20, '2022-06-16', 'return'),
(13, '123', 200, 20, '2022-06-16', 'return'),
(14, '123', 180, 10, '2022-06-16', 'add'),
(15, '1000', 179, 6, '2022-06-17', 'sale'),
(16, '321', 58, 1, '2022-06-17', 'sale'),
(17, '123', 190, 1, '2022-06-17', 'sale'),
(18, '321', 57, 1, '2022-06-17', 'sale'),
(19, '123', 189, 1, '2022-06-17', 'sale'),
(20, '4569871023', 19, 1, '2022-06-20', 'sale'),
(21, '1000', 173, 1, '2022-06-20', 'sale'),
(22, '123', 188, 20, '2022-06-20', 'sale'),
(23, '123', 168, 1, '2022-06-20', 'sale'),
(24, '123', 167, 1, '2022-06-20', 'sale'),
(25, '123', 166, 1, '2022-06-20', 'sale'),
(26, '123', 165, 1, '2022-06-20', 'sale'),
(27, '123', 164, 1, '2022-06-20', 'sale'),
(28, '123', 163, 1, '2022-06-20', 'sale'),
(29, '123', 162, 1, '2022-06-20', 'sale'),
(30, '123', 161, 1, '2022-06-20', 'sale'),
(31, '123', 160, 1, '2022-06-20', 'sale'),
(32, '123', 159, 10, '2022-06-22', 'sale'),
(33, '321', 56, 2, '2022-06-22', 'sale'),
(34, '321', 54, 3, '2022-06-22', 'sale'),
(35, '321', 51, 10, '2022-06-22', 'sale'),
(36, '321', 41, 2, '2022-06-22', 'sale'),
(37, '321', 39, 1, '2022-06-22', 'sale'),
(38, '321', 38, 1, '2022-06-22', 'sale'),
(39, '321', 37, 1, '2022-06-22', 'sale'),
(40, '321', 36, 1, '2022-06-22', 'sale'),
(41, '321', 35, 1, '2022-06-22', 'sale'),
(42, '321', 34, 1, '2022-06-22', 'sale'),
(43, '321', 33, 1, '2022-06-22', 'sale'),
(44, '321', 32, 1, '2022-06-22', 'sale'),
(45, '321', 31, 2, '2022-06-22', 'sale'),
(46, '123', 149, 1, '2022-06-22', 'sale'),
(47, '123', 148, 100, '2022-06-22', 'sale'),
(48, '321', 29, 1, '2022-06-22', 'sale'),
(49, '1000', 172, 2000, '2022-06-22', 'add'),
(50, '321', 28, 123, '2022-06-22', 'add'),
(51, '123', 48, 1000, '2022-06-22', 'add'),
(52, '1000', 2172, 1000, '2022-06-22', 'add'),
(53, '123', 1048, 1000, '2022-06-22', 'add'),
(54, '4569871023', 18, 1000, '2022-06-22', 'add'),
(55, '1000', 3172, 100, '2022-06-22', 'add'),
(56, '4569871023', 1018, 200, '2022-06-22', 'add'),
(57, '4569871023', 1218, 20, '2022-06-22', 'add'),
(58, '123', 2048, 20, '2022-06-22', 'add'),
(59, '123', 2068, 20, '2022-06-22', 'add'),
(60, '10000', 0, 10, '2022-06-22', 'add'),
(61, '12321093821', 0, 10, '2022-06-22', 'add'),
(62, '123', 2088, 10, '2022-06-22', 'add'),
(63, '123', 2098, 10, '2022-06-22', 'add'),
(64, '1000', 3272, 20, '2022-06-22', 'add'),
(65, '123', 2108, 20, '2022-06-22', 'add'),
(66, '123', 2108, 20, '2022-06-22', 'add'),
(67, '123', 2148, 100, '2022-06-22', 'add'),
(68, '123', 2248, 10, '2022-06-22', 'add'),
(69, '123', 2258, 10, '2022-06-22', 'add'),
(70, '4569871023', 1238, 20, '2022-06-22', 'add'),
(71, '10000', 10, 10, '2022-06-22', 'return'),
(72, '12321093821', 10, 100, '2022-06-22', 'add'),
(73, '12321093821', 110, 100, '2022-06-22', 'return'),
(74, '123', 2268, 20, '2022-06-22', 'return'),
(75, '123', 2268, 100, '2022-06-22', 'return'),
(76, '1000', 3292, 10, '2022-06-23', 'return'),
(77, '4569871023', 1258, 123, '2022-06-23', 'return'),
(78, '4569871023', 1135, 123, '2022-06-23', 'return'),
(79, '321', 151, 120, '2022-06-23', 'add'),
(80, '123', 2148, 1000, '2022-06-23', 'add'),
(81, '12321093821', 10, 200, '2022-06-23', 'add'),
(82, '4569871023', 1012, 200, '2022-06-23', 'add'),
(83, '1000', 3282, 20, '2022-06-23', 'add'),
(84, '10000', 0, 20, '2022-06-23', 'add'),
(85, '123', 3148, 100, '2022-06-23', 'add'),
(86, '321', 271, 1, '2022-06-23', 'add'),
(87, '1000', 3302, 1, '2022-06-23', 'add'),
(88, '123', 3248, 1, '2022-06-23', 'add'),
(89, '4569871023', 1212, 1, '2022-06-23', 'add'),
(90, '10000', 20, 1, '2022-06-23', 'add'),
(91, '12321093821', 210, 1, '2022-06-23', 'add'),
(92, '321', 271, 1, '2022-06-23', 'add'),
(93, '1000', 3302, 1, '2022-06-23', 'add'),
(94, '321', 271, 1, '2022-06-23', 'add'),
(95, '321', 271, 1, '2022-06-23', 'add'),
(96, '321', 271, 1, '2022-06-23', 'add'),
(97, '123', 3248, 1, '2022-06-23', 'add'),
(98, '321', 271, 1, '2022-06-23', 'add'),
(99, '123', 3248, 1, '2022-06-23', 'add'),
(100, '321', 271, 1, '2022-06-23', 'add'),
(101, '123', 3248, 1, '2022-06-23', 'add'),
(102, '10000', 20, 1, '2022-06-23', 'add'),
(103, '1000', 3302, 1, '2022-06-23', 'add'),
(104, '321', 271, 1, '2022-06-23', 'add'),
(105, '123', 3248, 1, '2022-06-23', 'add'),
(106, '4569871023', 1212, 1, '2022-06-23', 'add'),
(107, '1000', 3302, 1, '2022-06-23', 'add'),
(108, '321', 271, 1, '2022-06-23', 'add'),
(109, '4569871023', 1212, 1, '2022-06-23', 'add'),
(110, '321', 271, 1, '2022-06-23', 'add'),
(111, '123', 3253, 1, '2022-06-24', 'sale'),
(112, '2343', 0, 50, '2022-07-01', 'add'),
(113, '2343', 50, 2, '2022-07-01', 'return'),
(114, '2343', 48, 15, '2022-07-01', 'sale'),
(115, '2343', 33, 2, '2022-07-01', 'sale'),
(116, '456', 0, 123, '2022-07-13', 'add'),
(117, '456', 123, 12, '2022-07-17', 'add'),
(118, '123', 3252, 12, '2022-07-17', 'return'),
(119, '123', 3240, 1, '2022-07-17', 'sale'),
(120, '123', 3239, 1, '2022-07-17', 'sale'),
(121, '10000', 22, 1, '2022-07-19', 'sale'),
(122, '4569871023', 1215, 120, '2022-11-24', 'return'),
(123, '456', 135, 123, '2022-11-24', 'return'),
(124, '1000', 3306, 120, '2022-11-24', 'return'),
(125, '4569871023', 1095, 1000, '2022-11-24', 'return'),
(126, '4569871023', 95, 10, '2022-11-24', 'return'),
(127, '1', 0, 100, '2022-11-24', 'add'),
(128, '1', 100, 10, '2022-11-24', 'return'),
(129, '234', 0, 100, '2022-11-26', 'add'),
(130, '123', 3238, 1, '2022-11-26', 'sale'),
(131, '123', 3237, 1, '2022-11-28', 'sale'),
(132, '321', 281, 2, '2022-11-28', 'sale'),
(133, '1', 90, 10, '2022-11-28', 'sale'),
(134, '123', 3236, 2, '2022-11-28', 'sale'),
(135, '321', 279, 1, '2022-11-28', 'sale'),
(136, '1', 80, 3, '2022-11-28', 'sale'),
(137, '123', 3234, 2, '2022-11-28', 'sale'),
(138, '321', 278, 1, '2022-11-28', 'sale'),
(139, '1', 77, 1, '2022-11-28', 'sale'),
(140, '123', 3232, 1, '2022-11-28', 'sale'),
(141, '321', 277, 1, '2022-11-28', 'sale'),
(142, '123', 3231, 1, '2022-11-28', 'sale'),
(143, '1', 76, 1, '2022-11-28', 'sale'),
(144, '123', 3230, 1, '2022-11-28', 'sale'),
(145, '123', 3229, 1, '2022-11-28', 'sale'),
(146, '321', 276, 1, '2022-11-28', 'sale'),
(147, '1', 75, 1, '2022-11-28', 'sale'),
(148, '123', 3228, 1, '2022-11-28', 'sale'),
(149, '321', 275, 1, '2022-11-28', 'sale'),
(150, '1', 74, 1, '2022-11-28', 'sale'),
(151, '123', 3227, 1, '2022-11-28', 'sale'),
(152, '321', 274, 1, '2022-11-28', 'sale'),
(153, '1', 73, 1, '2022-11-28', 'sale'),
(154, '123', 3226, 1, '2022-11-28', 'sale'),
(155, '321', 273, 1, '2022-11-28', 'sale'),
(156, '1', 72, 3, '2022-11-28', 'sale'),
(157, '123', 3225, 1, '2022-11-28', 'sale'),
(158, '321', 272, 1, '2022-11-28', 'sale'),
(159, '1', 69, 1, '2022-11-28', 'sale'),
(160, '123', 3224, 2, '2022-11-28', 'sale'),
(161, '321', 271, 1, '2022-11-28', 'sale'),
(162, '1', 68, 1, '2022-11-28', 'sale'),
(163, '123', 3222, 1, '2022-11-28', 'sale'),
(164, '321', 270, 1, '2022-11-28', 'sale'),
(165, '1', 67, 1, '2022-11-28', 'sale'),
(166, '123', 3221, 10, '2022-11-28', 'sale'),
(167, '321', 269, 1, '2022-11-28', 'sale'),
(168, '2343', 31, 1, '2022-11-28', 'sale'),
(169, '456', 12, 1, '2022-11-28', 'sale'),
(170, '10000', 21, 1, '2022-11-28', 'sale'),
(171, '1000', 3186, 1, '2022-11-28', 'sale'),
(172, '1', 66, 100, '2022-11-29', 'add'),
(173, '456', 11, 100, '2022-11-29', 'add'),
(174, '12345678900000000000', 0, 100, '2022-12-01', 'add'),
(175, '12345678900000000000', 100, 100, '2022-12-01', 'add'),
(176, '1', 166, 100, '2022-12-01', 'add'),
(177, '456', 111, 20, '2022-12-01', 'add'),
(178, '1', 266, 10, '2022-12-01', 'add'),
(179, '234', 100, 20, '2022-12-01', 'add'),
(180, '321', 268, 20, '2022-12-01', 'add'),
(181, '1000', 3185, 20, '2022-12-01', 'add'),
(182, '456', 131, 20, '2022-12-01', 'add'),
(183, '12321093821', 211, 100, '2022-12-01', 'add'),
(184, '321', 288, 10, '2022-12-01', 'add'),
(185, '2343', 30, 20, '2022-12-01', 'add'),
(186, '12345678900000000000', 200, 2, '2022-12-02', 'sale'),
(187, '456', 151, 10, '2022-12-02', 'sale'),
(188, '1', 276, 1, '2022-12-02', 'sale'),
(189, '1', 275, 2, '2022-12-02', 'sale'),
(190, '12321093821', 311, 1, '2022-12-02', 'sale'),
(191, '10000', 20, 2, '2022-12-02', 'sale'),
(192, '12345678900000000000', 198, 4, '2022-12-02', 'sale'),
(193, '456', 141, 2, '2022-12-02', 'sale'),
(194, '234', 120, 10, '2022-12-02', 'sale'),
(195, '234', 110, 1, '2022-12-02', 'sale'),
(196, '321', 298, 1, '2022-12-02', 'sale'),
(197, '123', 3211, 1, '2022-12-02', 'sale'),
(198, '456', 139, 10, '2022-12-02', 'sale'),
(199, '456', 129, 4, '2022-12-02', 'sale'),
(200, '12321093821', 310, 1, '2022-12-02', 'sale'),
(201, '456', 125, 5, '2022-12-03', 'sale'),
(202, '123', 3210, 1, '2022-12-03', 'sale'),
(203, '1000', 3205, 1000, '2022-12-03', 'sale'),
(204, '123', 3209, 1000, '2022-12-03', 'sale'),
(205, '1', 273, 200, '2022-12-03', 'sale'),
(206, '12345678900000000000', 194, 100, '2022-12-03', 'add'),
(207, '12321093821', 309, 100, '2022-12-03', 'add'),
(208, '12345678900000000000', 294, 1, '2022-12-03', 'sale'),
(209, '12321093821', 409, 1, '2022-12-03', 'sale'),
(210, '1', 73, 10, '2022-12-05', 'sale'),
(211, '12321093821', 408, 100, '2022-12-05', 'sale'),
(212, '1', 63, 1, '2022-12-05', 'sale'),
(213, '4569871023', 85, 1, '2022-12-05', 'sale'),
(214, '12321093821', 308, 1, '2022-12-05', 'sale'),
(215, '234', 109, 1, '2022-12-05', 'sale'),
(216, '1', 62, 1, '2022-12-05', 'sale'),
(217, '1', 61, 1, '2022-12-05', 'sale'),
(218, '12321093821', 307, 1, '2022-12-05', 'sale'),
(219, '4569871023', 84, 1, '2022-12-05', 'sale'),
(220, '1', 60, 1, '2022-12-05', 'sale'),
(221, '321', 297, 10, '2022-12-05', 'sale'),
(222, '4569871023', 83, 1, '2022-12-05', 'sale'),
(223, '123', 2209, 1, '2022-12-09', 'sale'),
(224, '321', 287, 3, '2022-12-09', 'sale'),
(225, '456', 120, 1, '2022-12-09', 'sale'),
(226, '123', 2208, 1, '2022-12-09', 'sale'),
(227, '123', 2207, 1, '2022-12-10', 'sale'),
(228, '321', 284, 1, '2022-12-10', 'sale'),
(229, '123', 2206, 1, '2022-12-10', 'sale'),
(230, '1', 59, 1, '2022-12-10', 'sale'),
(231, '321', 283, 1, '2022-12-10', 'sale'),
(232, '123', 2205, 1, '2022-12-10', 'sale'),
(233, '1', 58, 20, '2022-12-10', 'sale'),
(234, '123', 2204, 1, '2022-12-10', 'sale'),
(235, '321', 282, 1, '2022-12-10', 'sale'),
(236, '123', 2203, 1, '2022-12-12', 'sale'),
(237, '321', 281, 1, '2022-12-12', 'sale'),
(238, '1', 38, 3, '2022-12-12', 'sale'),
(239, '1', 35, 1, '2022-12-12', 'sale'),
(240, '1000', 2205, 1, '2022-12-12', 'sale'),
(241, '1', 35, 1, '2022-12-12', 'sale'),
(242, '1000', 2205, 1, '2022-12-12', 'sale'),
(243, '123', 2202, 1, '2022-12-12', 'sale'),
(244, '321', 280, 1, '2022-12-12', 'sale'),
(245, '1', 35, 1, '2022-12-12', 'sale'),
(246, '1', 35, 1, '2022-12-12', 'sale'),
(247, '123', 2202, 1, '2022-12-12', 'sale'),
(248, '321', 280, 1, '2022-12-12', 'sale'),
(249, '1', 34, 1, '2022-12-12', 'sale'),
(250, '1', 33, 2, '2022-12-13', 'sale'),
(251, '123', 2201, 2, '2022-12-13', 'sale'),
(252, '321', 279, 3, '2022-12-13', 'sale'),
(253, '123', 2199, 1, '2022-12-13', 'sale'),
(254, '321', 276, 1, '2022-12-13', 'sale'),
(255, '1', 31, 2, '2022-12-13', 'sale');

-- --------------------------------------------------------

--
-- Table structure for table `supplier`
--

CREATE TABLE `supplier` (
  `id` varchar(10) NOT NULL,
  `name` varchar(30) NOT NULL,
  `address` varchar(15) NOT NULL,
  `gender` varchar(11) NOT NULL,
  `phone` varchar(14) NOT NULL,
  `email` varchar(50) DEFAULT NULL,
  `bank_account` varchar(30) NOT NULL,
  `account_number` varchar(25) NOT NULL,
  `status` int(1) NOT NULL
) ENGINE=InnoDB DEFAULT CHARSET=utf8mb4;

--
-- Dumping data for table `supplier`
--

INSERT INTO `supplier` (`id`, `name`, `address`, `gender`, `phone`, `email`, `bank_account`, `account_number`, `status`) VALUES
('A8219397', 'Aku', 'Kuningan', 'Laki-laki', '0811111111111', '-', '-', '-', 1),
('ABC8219904', 'A B C D E', 'Indonesia', 'Laki-laki', '0899999999999', '-', '-', '-', 1),
('ANDI21132', 'Andi', 'Cirebon', 'Laki-laki', '081234567890', '-', 'BRI', '398127832', 1),
('AS8219943', 'Andri Setiawan', 'Cirebon', 'Laki-laki', '0800000000000', '-', '-', '-', 1),
('BUDI17471', 'Budi', 'Kuningan', 'Laki-laki', '089999999999', 'budi@gmail.com', 'BNI', '8712937912', 1),
('C8218813', 'A B C', 'Cirebon', 'Laki-laki', '0811111111111', '-', '-', '-', 1),
('D8219554', 'A B C D', 'Cirebon', 'Laki-laki', '0899999999999', '-', '-', '-', 1),
('E8218726', 'Edi', 'Kuningan', 'Laki-laki', '0811111111111', '-', '-', '-', 1),
('MNS8219974', 'Muhammad Nur Sidik', 'Cirebon', 'Laki-laki', '0800000000000', '-', '-', '-', 1);

-- --------------------------------------------------------

--
-- Table structure for table `transaction`
--

CREATE TABLE `transaction` (
  `id` int(11) NOT NULL,
  `username` varchar(20) NOT NULL,
  `customer_id` int(11) DEFAULT NULL,
  `date` date NOT NULL,
  `time` varchar(8) NOT NULL,
  `total` int(11) NOT NULL
) ENGINE=InnoDB DEFAULT CHARSET=utf8mb4;

--
-- Dumping data for table `transaction`
--

INSERT INTO `transaction` (`id`, `username`, `customer_id`, `date`, `time`, `total`) VALUES
(1, 'sinta', NULL, '2022-06-15', '14:45:26', 2000),
(2, 'sinta', NULL, '2022-06-16', '15:16:46', 7000),
(4, 'sinta', NULL, '2022-06-17', '21:13:46', 7000),
(5, 'sinta', NULL, '2022-06-17', '21:13:56', 7000),
(6, 'sinta', NULL, '2022-06-20', '10:00:36', 5000),
(7, 'sinta', NULL, '2022-06-20', '14:53:08', 145000),
(8, 'kasir', NULL, '2022-06-22', '13:46:47', 50000),
(9, 'kasir', NULL, '2022-06-22', '13:47:21', 4000),
(10, 'kasir', NULL, '2022-06-22', '13:48:26', 6000),
(11, 'kasir', NULL, '2022-06-22', '13:49:19', 20000),
(12, 'erika', NULL, '2022-06-22', '13:53:14', 4000),
(13, 'sinta', NULL, '2022-06-22', '14:18:05', 2000),
(14, 'sinta', NULL, '2022-06-22', '14:19:31', 2000),
(15, 'sinta', NULL, '2022-06-22', '14:21:45', 2000),
(16, 'sinta', NULL, '2022-06-22', '14:22:51', 2000),
(17, 'sinta', NULL, '2022-06-22', '14:23:56', 2000),
(18, 'sinta', NULL, '2022-06-22', '14:24:39', 2000),
(19, 'sinta', NULL, '2022-06-22', '14:25:32', 2000),
(20, 'sinta', NULL, '2022-06-22', '14:31:54', 2000),
(21, 'kasir', NULL, '2022-06-22', '15:07:19', 9000),
(22, 'kasir', NULL, '2022-06-22', '15:42:21', 502000),
(23, 'kasir', NULL, '2022-06-24', '09:54:41', 5000),
(24, 'kasir', NULL, '2022-07-01', '17:13:19', 330000),
(25, 'kasir', NULL, '2022-07-01', '17:14:37', 44000),
(26, 'kasir', NULL, '2022-07-17', '22:24:43', 5000),
(27, 'kasir', NULL, '2022-07-17', '22:51:46', 5000),
(28, 'kasir', NULL, '2022-07-19', '15:40:16', 1500),
(29, 'kasir', NULL, '2022-11-26', '08:54:51', 5000),
(30, 'kasir', NULL, '2022-11-28', '15:44:02', 29),
(31, 'kasir', NULL, '2022-11-28', '15:48:13', 18000),
(32, 'kasir', NULL, '2022-11-28', '15:57:17', 14000),
(33, 'kasir', NULL, '2022-11-28', '16:00:02', 7000),
(34, 'kasir', NULL, '2022-11-28', '16:00:14', 5000),
(35, 'kasir', NULL, '2022-11-28', '16:09:35', 7000),
(36, 'kasir', NULL, '2022-11-28', '16:11:45', 9000),
(37, 'kasir', NULL, '2022-11-28', '16:12:07', 9000),
(38, 'kasir', NULL, '2022-11-28', '16:17:38', 9000),
(39, 'kasir', NULL, '2022-11-28', '16:18:03', 13000),
(40, 'kasir', NULL, '2022-11-28', '16:30:54', 9000),
(41, 'kasir', NULL, '2022-11-28', '18:45:50', 14000),
(42, 'kasir', NULL, '2022-11-28', '18:46:18', 9000),
(43, 'kasir', NULL, '2022-11-28', '20:01:35', 52000),
(44, 'kasir', NULL, '2022-11-28', '20:04:35', 22000),
(45, 'kasir', NULL, '2022-11-28', '20:06:06', 9500),
(46, 'kasir', NULL, '2022-11-28', '20:07:43', 1500),
(47, 'kasir', NULL, '2022-11-28', '20:59:44', 2000),
(55, 'kasir', NULL, '2022-12-02', '17:16:01', 5000),
(56, 'kasir', NULL, '2022-12-02', '17:18:45', 95000),
(57, 'kasir', NULL, '2022-12-02', '17:24:44', 38000),
(58, 'kasir', NULL, '2022-12-02', '17:32:44', 5000),
(59, 'kasir', NULL, '2022-12-03', '08:16:04', 50000),
(60, 'kasir', NULL, '2022-12-03', '08:20:04', 5000),
(61, 'kasir', NULL, '2022-12-03', '13:37:29', 7400000),
(62, 'kasir', NULL, '2022-12-03', '15:15:09', 6500),
(63, 'kasir', NULL, '2022-12-05', '08:09:08', 520000),
(64, 'kasir', NULL, '2022-12-05', '14:31:08', 5000),
(65, 'kasir', NULL, '2022-12-05', '14:33:23', 7000),
(66, 'kasir', NULL, '2022-12-05', '14:35:05', 2000),
(67, 'kasir', NULL, '2022-12-05', '14:35:52', 2000),
(68, 'kasir', NULL, '2022-12-05', '14:40:43', 8000),
(69, 'kasir', NULL, '2022-12-05', '14:42:41', 2000),
(70, 'kasir', NULL, '2022-12-05', '16:06:10', 23000),
(71, 'kasir', NULL, '2022-12-09', '09:29:57', 11000),
(72, 'kasir', NULL, '2022-12-09', '10:11:25', 10000),
(73, 'kasir', NULL, '2022-12-09', '11:30:25', 5000),
(74, 'kasir', 2, '2022-12-10', '09:46:25', 7000),
(75, 'kasir', 0, '2022-12-10', '10:43:58', 9000),
(76, 'kasir', 0, '2022-12-10', '10:45:15', 5000),
(77, 'kasir', 2, '2022-12-10', '10:45:59', 40000),
(78, 'kasir', 0, '2022-12-10', '10:58:43', 7000),
(79, 'kasir', 0, '2022-12-12', '08:16:22', 7000),
(80, 'kasir', 3, '2022-12-12', '08:16:39', 6000),
(81, 'kasir', 0, '2022-12-12', '10:42:43', 9000),
(82, 'kasir', 2, '2022-12-12', '20:41:28', 2000),
(83, 'kasir', 2, '2022-12-13', '09:21:12', 20000),
(84, 'kasir', 0, '2022-12-13', '11:06:31', 11000);

-- --------------------------------------------------------

--
-- Table structure for table `user`
--

CREATE TABLE `user` (
  `username` varchar(20) NOT NULL,
  `password` varchar(255) NOT NULL,
  `name` varchar(30) NOT NULL,
  `address` varchar(15) NOT NULL,
  `gender` varchar(11) NOT NULL,
  `phone` varchar(14) NOT NULL,
  `email` varchar(50) DEFAULT NULL,
  `level` varchar(10) NOT NULL,
  `date_created` date NOT NULL,
  `status` int(1) NOT NULL
) ENGINE=InnoDB DEFAULT CHARSET=utf8mb4;

--
-- Dumping data for table `user`
--

INSERT INTO `user` (`username`, `password`, `name`, `address`, `gender`, `phone`, `email`, `level`, `date_created`, `status`) VALUES
('admin', 'c7ad44cbad762a5da0a452f9e854fdc1e0e7a52a38015f23f3eab1d80b931dd472634dfac71cd34ebc35d16ab7fb8a90c81f975113d6c7538dc69dd8de9077ec', 'Nur Siti Fatimah', 'Cirebon', 'Laki-laki', '089999999999', '-', 'Admin', '0000-00-00', 1),
('erika', 'be65c8af71949aec8e42b79e17fa3ef5e70c972a6248104c5649547a595771cd4d8051332366d979cdd00dd54834cabdfbc6246ea03859408c738e84e55cf018', 'Erika Nurjanah', 'Bandung', 'Perempuan', '081234567890', '-', 'Kasir', '0000-00-00', 1),
('gina', '7ece985a1fef494d8d7664a2d3405c0e68c4fd71538a71767fe5254a4eb5021af43a39f822e707f518b5aa0c2343ca3ebcd96ee768d2796653b1b0209581b934', 'Gina Maulani Habibah', 'Bandung', 'Perempuan', '0777777777777', '-', 'Kasir', '2022-06-16', 0),
('kasir', 'e2c23518e63445135a75cb5b39585b6a2e3f7261108674fe606c16947aa2d4e1f5ceb3766c2a2b60e93e79e6b4d267f5054f361ce4f364d2f2e95bdd7db9678d', 'Kasir', 'Cirebon', 'Perempuan', '0811111111111', '-', 'Kasir', '2022-06-20', 1),
('nurul', '2eeb4ad2e7135e671dc0f7f7e14bdc6446ecefb6aba91d5d0ecaa238fe2f7de136b803fd09c1dffb62a02e1903a86368e7fbfa7ea200d58a5ea733722ced2fc8', 'Nurul Siti Awaliyah', 'Bandung', 'Perempuan', '0822222222222', '-', 'Kasir', '2022-06-13', 1),
('sinta', '38562b58706469b79113ee3a7a1540edcb41f36806e6155ef209fd4fa9036c1c00b5a81b8c62d84375a4405798d72b5e965e328b1deba512b9a64cef7e810600', 'Sinta Aulia', 'Kuningan', 'Perempuan', '08123456789', '-', 'Kasir', '0000-00-00', 1);

--
-- Indexes for dumped tables
--

--
-- Indexes for table `category`
--
ALTER TABLE `category`
  ADD PRIMARY KEY (`id`);

--
-- Indexes for table `customer`
--
ALTER TABLE `customer`
  ADD PRIMARY KEY (`id`);

--
-- Indexes for table `product`
--
ALTER TABLE `product`
  ADD PRIMARY KEY (`barcode`),
  ADD KEY `product_ibfk_2` (`category_id`),
  ADD KEY `supplier_id` (`supplier_id`);

--
-- Indexes for table `sale`
--
ALTER TABLE `sale`
  ADD PRIMARY KEY (`id`),
  ADD KEY `transaction_id` (`transaction_id`),
  ADD KEY `sale_ibfk_1` (`barcode`);

--
-- Indexes for table `stock`
--
ALTER TABLE `stock`
  ADD PRIMARY KEY (`id`),
  ADD KEY `barcode` (`barcode`);

--
-- Indexes for table `supplier`
--
ALTER TABLE `supplier`
  ADD PRIMARY KEY (`id`);

--
-- Indexes for table `transaction`
--
ALTER TABLE `transaction`
  ADD PRIMARY KEY (`id`),
  ADD KEY `username` (`username`),
  ADD KEY `customer_id` (`customer_id`);

--
-- Indexes for table `user`
--
ALTER TABLE `user`
  ADD PRIMARY KEY (`username`);

--
-- AUTO_INCREMENT for dumped tables
--

--
-- AUTO_INCREMENT for table `category`
--
ALTER TABLE `category`
  MODIFY `id` int(5) NOT NULL AUTO_INCREMENT, AUTO_INCREMENT=5;

--
-- AUTO_INCREMENT for table `customer`
--
ALTER TABLE `customer`
  MODIFY `id` int(11) NOT NULL AUTO_INCREMENT, AUTO_INCREMENT=6;

--
-- AUTO_INCREMENT for table `sale`
--
ALTER TABLE `sale`
  MODIFY `id` int(11) NOT NULL AUTO_INCREMENT, AUTO_INCREMENT=141;

--
-- AUTO_INCREMENT for table `stock`
--
ALTER TABLE `stock`
  MODIFY `id` int(11) NOT NULL AUTO_INCREMENT, AUTO_INCREMENT=256;

--
-- Constraints for dumped tables
--

--
-- Constraints for table `product`
--
ALTER TABLE `product`
  ADD CONSTRAINT `product_ibfk_2` FOREIGN KEY (`category_id`) REFERENCES `category` (`id`) ON DELETE CASCADE ON UPDATE CASCADE,
  ADD CONSTRAINT `product_ibfk_3` FOREIGN KEY (`supplier_id`) REFERENCES `supplier` (`id`) ON DELETE CASCADE ON UPDATE CASCADE;

--
-- Constraints for table `sale`
--
ALTER TABLE `sale`
  ADD CONSTRAINT `sale_ibfk_1` FOREIGN KEY (`barcode`) REFERENCES `product` (`barcode`) ON DELETE CASCADE ON UPDATE CASCADE,
  ADD CONSTRAINT `sale_ibfk_2` FOREIGN KEY (`transaction_id`) REFERENCES `transaction` (`id`) ON DELETE CASCADE ON UPDATE CASCADE;

--
-- Constraints for table `stock`
--
ALTER TABLE `stock`
  ADD CONSTRAINT `stock_ibfk_1` FOREIGN KEY (`barcode`) REFERENCES `product` (`barcode`) ON DELETE CASCADE ON UPDATE CASCADE;

--
-- Constraints for table `transaction`
--
ALTER TABLE `transaction`
  ADD CONSTRAINT `transaction_ibfk_1` FOREIGN KEY (`username`) REFERENCES `user` (`username`) ON DELETE CASCADE ON UPDATE CASCADE,
  ADD CONSTRAINT `transaction_ibfk_2` FOREIGN KEY (`customer_id`) REFERENCES `customer` (`id`) ON DELETE CASCADE ON UPDATE CASCADE;
COMMIT;

/*!40101 SET CHARACTER_SET_CLIENT=@OLD_CHARACTER_SET_CLIENT */;
/*!40101 SET CHARACTER_SET_RESULTS=@OLD_CHARACTER_SET_RESULTS */;
/*!40101 SET COLLATION_CONNECTION=@OLD_COLLATION_CONNECTION */;
